0,1,2,3,4,5
"('ecoinvent-3.4-biosphere', '9a7380d1-6e23-48ad-b35a-14bd1ecb3133')","Phosphorus, 18% in apatite, 4% in crude ore, in ground",Phosphorus,P,30.973762,-1.6973366253890836e-14
"('ecoinvent-3.4-biosphere', '9a7380d1-6e23-48ad-b35a-14bd1ecb3133')","Phosphorus, 18% in apatite, 4% in crude ore, in ground",Phosphorus,P,30.973762,-1.6973366253890836e-14
"('ecoinvent-3.4-biosphere', '9a7380d1-6e23-48ad-b35a-14bd1ecb3133')","Phosphorus, 18% in apatite, 4% in crude ore, in ground",Phosphorus,P,30.973762,-1.6973366253890836e-14
"('ecoinvent-3.4-biosphere', 'ef6dd09f-bddc-49b4-a207-dbaec2f07bb5')","Chromium, 25.5% in chromite, 11.6% in crude ore, in ground",Chromium,Cr,51.996,-3.1278613038877847e-13
"('ecoinvent-3.4-biosphere', 'ef6dd09f-bddc-49b4-a207-dbaec2f07bb5')","Chromium, 25.5% in chromite, 11.6% in crude ore, in ground",Chromium,Cr,51.996,-3.1278613038877847e-13
"('ecoinvent-3.4-biosphere', 'ef6dd09f-bddc-49b4-a207-dbaec2f07bb5')","Chromium, 25.5% in chromite, 11.6% in crude ore, in ground",Chromium,Cr,51.996,-3.1278613038877847e-13
"('ecoinvent-3.4-biosphere', '02e8658e-3c88-404c-865d-4d4934661ea6')","Cobalt, Co 5.0E-2%, in mixed ore, in ground",Cobalt,Co,58.93319,-1.944749514845395e-12
"('ecoinvent-3.4-biosphere', '02e8658e-3c88-404c-865d-4d4934661ea6')","Cobalt, Co 5.0E-2%, in mixed ore, in ground",Cobalt,Co,58.93319,-1.944749514845395e-12
"('ecoinvent-3.4-biosphere', '02e8658e-3c88-404c-865d-4d4934661ea6')","Cobalt, Co 5.0E-2%, in mixed ore, in ground",Cobalt,Co,58.93319,-1.944749514845395e-12
"('ecoinvent-3.4-biosphere', 'c52e8414-f232-4c6a-bff2-5726189789ee')","Xenon, in air",Xenon,Xe,131.29,
"('ecoinvent-3.4-biosphere', 'c52e8414-f232-4c6a-bff2-5726189789ee')","Xenon, in air",Xenon,Xe,131.29,
"('ecoinvent-3.4-biosphere', 'c52e8414-f232-4c6a-bff2-5726189789ee')","Xenon, in air",Xenon,Xe,131.29,
"('ecoinvent-3.4-biosphere', '781dda0c-ffeb-4664-9667-7506ce6269b9')","Silver, Ag 7.6E-5%, Au 9.7E-5%, in ore, in ground",Silver,Ag,107.868,-1.5701960660375504e-13
"('ecoinvent-3.4-biosphere', '781dda0c-ffeb-4664-9667-7506ce6269b9')","Silver, Ag 7.6E-5%, Au 9.7E-5%, in ore, in ground",Silver,Ag,107.868,-1.5701960660375504e-13
"('ecoinvent-3.4-biosphere', '781dda0c-ffeb-4664-9667-7506ce6269b9')","Silver, Ag 7.6E-5%, Au 9.7E-5%, in ore, in ground",Silver,Ag,107.868,-1.5701960660375504e-13
"('ecoinvent-3.4-biosphere', '5bbcdc6d-b1a7-4b63-b625-76060c767de7')","Sodium sulphate, various forms, in ground",Sodium sulphate,Na2O4S,142.04,
"('ecoinvent-3.4-biosphere', '5bbcdc6d-b1a7-4b63-b625-76060c767de7')","Sodium sulphate, various forms, in ground",Sodium sulphate,Na2O4S,142.04,
"('ecoinvent-3.4-biosphere', '5bbcdc6d-b1a7-4b63-b625-76060c767de7')","Sodium sulphate, various forms, in ground",Sodium sulphate,Na2O4S,142.04,
"('ecoinvent-3.4-biosphere', '19988f5b-a9a6-48f3-9e8e-150b66a1bf12')","Copper, 0.97% in sulfide, Cu 0.36% and Mo 4.1E-2% in crude ore, in ground",Copper,Cu,63.55,-1.2312433333350088e-14
"('ecoinvent-3.4-biosphere', '19988f5b-a9a6-48f3-9e8e-150b66a1bf12')","Copper, 0.97% in sulfide, Cu 0.36% and Mo 4.1E-2% in crude ore, in ground",Copper,Cu,63.55,-1.2312433333350088e-14
"('ecoinvent-3.4-biosphere', '19988f5b-a9a6-48f3-9e8e-150b66a1bf12')","Copper, 0.97% in sulfide, Cu 0.36% and Mo 4.1E-2% in crude ore, in ground",Copper,Cu,63.55,-1.2312433333350088e-14
"('ecoinvent-3.4-biosphere', '15545dca-018d-4f7f-aa1f-796b707180af')","Cinnabar, in ground",Cinnabar,HgS,232.66,
"('ecoinvent-3.4-biosphere', '15545dca-018d-4f7f-aa1f-796b707180af')","Cinnabar, in ground",Cinnabar,HgS,232.66,
"('ecoinvent-3.4-biosphere', '15545dca-018d-4f7f-aa1f-796b707180af')","Cinnabar, in ground",Cinnabar,HgS,232.66,
"('ecoinvent-3.4-biosphere', '8c888d2b-d608-4dac-bad5-1c2a17050838')","Gold, Au 4.9E-5%, in ore, in ground",Gold,Au,196.96657,
"('ecoinvent-3.4-biosphere', '8c888d2b-d608-4dac-bad5-1c2a17050838')","Gold, Au 4.9E-5%, in ore, in ground",Gold,Au,196.96657,
"('ecoinvent-3.4-biosphere', '8c888d2b-d608-4dac-bad5-1c2a17050838')","Gold, Au 4.9E-5%, in ore, in ground",Gold,Au,196.96657,
"('ecoinvent-3.4-biosphere', '704399e3-cf6b-483d-84f5-466e91a9d17c')","Copper, Cu 0.2%, in mixed ore, in ground",Copper,Cu,63.55,-1.2312433333350088e-14
"('ecoinvent-3.4-biosphere', '704399e3-cf6b-483d-84f5-466e91a9d17c')","Copper, Cu 0.2%, in mixed ore, in ground",Copper,Cu,63.55,-1.2312433333350088e-14
"('ecoinvent-3.4-biosphere', '704399e3-cf6b-483d-84f5-466e91a9d17c')","Copper, Cu 0.2%, in mixed ore, in ground",Copper,Cu,63.55,-1.2312433333350088e-14
"('ecoinvent-3.4-biosphere', '909bc093-18b2-4a7e-8131-16f68eebc193')","Praseodymium, 0.42% in bastnasite, 0.042% in crude ore, in ground",Praseodymium,Pr,140.90766,
"('ecoinvent-3.4-biosphere', '909bc093-18b2-4a7e-8131-16f68eebc193')","Praseodymium, 0.42% in bastnasite, 0.042% in crude ore, in ground",Praseodymium,Pr,140.90766,
"('ecoinvent-3.4-biosphere', '909bc093-18b2-4a7e-8131-16f68eebc193')","Praseodymium, 0.42% in bastnasite, 0.042% in crude ore, in ground",Praseodymium,Pr,140.90766,
"('ecoinvent-3.4-biosphere', '4f5aad55-54d2-4628-a509-b28ef1929bb4')","Gold, Au 6.8E-4%, Ag 1.5E-4%, in ore, in ground",Gold,Au,196.96657,
"('ecoinvent-3.4-biosphere', '4f5aad55-54d2-4628-a509-b28ef1929bb4')","Gold, Au 6.8E-4%, Ag 1.5E-4%, in ore, in ground",Gold,Au,196.96657,
"('ecoinvent-3.4-biosphere', '4f5aad55-54d2-4628-a509-b28ef1929bb4')","Gold, Au 6.8E-4%, Ag 1.5E-4%, in ore, in ground",Gold,Au,196.96657,
"('ecoinvent-3.4-biosphere', 'f7360584-688a-4b6f-bc4a-db00a1e7b022')","Rh, Rh 2.4E-5%, Pt 4.8E-4%, Pd 2.0E-4%, Ni 3.7E-2%, Cu 5.2E-2% in ore, in ground",Rh,Rh,102.9055,
"('ecoinvent-3.4-biosphere', 'f7360584-688a-4b6f-bc4a-db00a1e7b022')","Rh, Rh 2.4E-5%, Pt 4.8E-4%, Pd 2.0E-4%, Ni 3.7E-2%, Cu 5.2E-2% in ore, in ground",Rh,Rh,102.9055,
"('ecoinvent-3.4-biosphere', 'f7360584-688a-4b6f-bc4a-db00a1e7b022')","Rh, Rh 2.4E-5%, Pt 4.8E-4%, Pd 2.0E-4%, Ni 3.7E-2%, Cu 5.2E-2% in ore, in ground",Rh,Rh,102.9055,
"('ecoinvent-3.4-biosphere', 'e5cbe371-d33e-46ef-a832-a176f5e28520')","Indium, 0.005% in sulfide, In 0.003%, Pb, Zn, Ag, Cd, in ground",Indium,In,114.818,
"('ecoinvent-3.4-biosphere', 'e5cbe371-d33e-46ef-a832-a176f5e28520')","Indium, 0.005% in sulfide, In 0.003%, Pb, Zn, Ag, Cd, in ground",Indium,In,114.818,
"('ecoinvent-3.4-biosphere', 'e5cbe371-d33e-46ef-a832-a176f5e28520')","Indium, 0.005% in sulfide, In 0.003%, Pb, Zn, Ag, Cd, in ground",Indium,In,114.818,
"('ecoinvent-3.4-biosphere', 'bc97531c-12d8-4113-bcb2-663a47d12d0f')","Talc, in ground",Talc,H2Mg3O12Si4,379.27,
"('ecoinvent-3.4-biosphere', 'bc97531c-12d8-4113-bcb2-663a47d12d0f')","Talc, in ground",Talc,H2Mg3O12Si4,379.27,
"('ecoinvent-3.4-biosphere', 'bc97531c-12d8-4113-bcb2-663a47d12d0f')","Talc, in ground",Talc,H2Mg3O12Si4,379.27,
"('ecoinvent-3.4-biosphere', '38eff837-5465-47a9-a1c9-e1edd70922ef')","Kieserite, 25% in crude ore, in ground",Kieserite,H4MgO5S+2,140.4,
"('ecoinvent-3.4-biosphere', '38eff837-5465-47a9-a1c9-e1edd70922ef')","Kieserite, 25% in crude ore, in ground",Kieserite,H4MgO5S+2,140.4,
"('ecoinvent-3.4-biosphere', 'd76320f7-6761-4864-92a6-660fa3453ffa')","Silver, Ag 4.2E-3%, Au 1.1E-4%, in ore, in ground",Silver,Ag,107.868,-1.5701960660375504e-13
"('ecoinvent-3.4-biosphere', 'd76320f7-6761-4864-92a6-660fa3453ffa')","Silver, Ag 4.2E-3%, Au 1.1E-4%, in ore, in ground",Silver,Ag,107.868,-1.5701960660375504e-13
"('ecoinvent-3.4-biosphere', 'd76320f7-6761-4864-92a6-660fa3453ffa')","Silver, Ag 4.2E-3%, Au 1.1E-4%, in ore, in ground",Silver,Ag,107.868,-1.5701960660375504e-13
"('ecoinvent-3.4-biosphere', '669ab0eb-c020-4b98-bfe4-e0989013121a')","Palladium, Pd 1.6E-6%, in mixed ore, in ground",Palladium,Pd,106.42,
"('ecoinvent-3.4-biosphere', '669ab0eb-c020-4b98-bfe4-e0989013121a')","Palladium, Pd 1.6E-6%, in mixed ore, in ground",Palladium,Pd,106.42,
"('ecoinvent-3.4-biosphere', '669ab0eb-c020-4b98-bfe4-e0989013121a')","Palladium, Pd 1.6E-6%, in mixed ore, in ground",Palladium,Pd,106.42,
"('ecoinvent-3.4-biosphere', 'c8f18160-6937-4bb9-ad0c-dffa942ca41e')","Copper, 1.42% in sulfide, Cu 0.81% and Mo 8.2E-3% in crude ore, in ground",Copper,Cu,63.55,-1.2312433333350088e-14
"('ecoinvent-3.4-biosphere', 'c8f18160-6937-4bb9-ad0c-dffa942ca41e')","Copper, 1.42% in sulfide, Cu 0.81% and Mo 8.2E-3% in crude ore, in ground",Copper,Cu,63.55,-1.2312433333350088e-14
"('ecoinvent-3.4-biosphere', 'c8f18160-6937-4bb9-ad0c-dffa942ca41e')","Copper, 1.42% in sulfide, Cu 0.81% and Mo 8.2E-3% in crude ore, in ground",Copper,Cu,63.55,-1.2312433333350088e-14
"('ecoinvent-3.4-biosphere', '7c954971-4bce-41db-9e8b-2b2f049539d7')","Europium, 0.06% in bastnasite, 0.006% in crude ore, in ground",Europium,Eu,151.964,
"('ecoinvent-3.4-biosphere', '7c954971-4bce-41db-9e8b-2b2f049539d7')","Europium, 0.06% in bastnasite, 0.006% in crude ore, in ground",Europium,Eu,151.964,
"('ecoinvent-3.4-biosphere', '7c954971-4bce-41db-9e8b-2b2f049539d7')","Europium, 0.06% in bastnasite, 0.006% in crude ore, in ground",Europium,Eu,151.964,
"('ecoinvent-3.4-biosphere', 'ba2da2fe-3420-45d1-9d1b-58b9e99714eb')","Rhodium, Rh 1.6E-7%, in mixed ore, in ground",Rhodium,Rh,102.9055,
"('ecoinvent-3.4-biosphere', 'ba2da2fe-3420-45d1-9d1b-58b9e99714eb')","Rhodium, Rh 1.6E-7%, in mixed ore, in ground",Rhodium,Rh,102.9055,
"('ecoinvent-3.4-biosphere', 'ba2da2fe-3420-45d1-9d1b-58b9e99714eb')","Rhodium, Rh 1.6E-7%, in mixed ore, in ground",Rhodium,Rh,102.9055,
"('ecoinvent-3.4-biosphere', '636a8446-9899-43a6-b4bf-213f25d69c88')","Pt, Pt 4.8E-4%, Pd 2.0E-4%, Rh 2.4E-5%, Ni 3.7E-2%, Cu 5.2E-2% in ore, in ground",Pt,Pt,195.08,
"('ecoinvent-3.4-biosphere', '636a8446-9899-43a6-b4bf-213f25d69c88')","Pt, Pt 4.8E-4%, Pd 2.0E-4%, Rh 2.4E-5%, Ni 3.7E-2%, Cu 5.2E-2% in ore, in ground",Pt,Pt,195.08,
"('ecoinvent-3.4-biosphere', '636a8446-9899-43a6-b4bf-213f25d69c88')","Pt, Pt 4.8E-4%, Pd 2.0E-4%, Rh 2.4E-5%, Ni 3.7E-2%, Cu 5.2E-2% in ore, in ground",Pt,Pt,195.08,
"('ecoinvent-3.4-biosphere', '5324b57a-96f1-4dc3-9dc5-544881960f4f')","Spodumene, in ground",Spodumene,AlLiO6Si2,186.1,-1.4974388298566766e-14
"('ecoinvent-3.4-biosphere', '5324b57a-96f1-4dc3-9dc5-544881960f4f')","Spodumene, in ground",Spodumene,AlLiO6Si2,186.1,-1.4974388298566766e-14
"('ecoinvent-3.4-biosphere', '5324b57a-96f1-4dc3-9dc5-544881960f4f')","Spodumene, in ground",Spodumene,AlLiO6Si2,186.1,-1.4974388298566766e-14
"('ecoinvent-3.4-biosphere', '0d7f8b87-12f4-4e83-a5a2-854e2f2b47de')","Ni, Ni 2.3E+0%, Pt 2.5E-4%, Pd 7.3E-4%, Rh 2.0E-5%, Cu 3.2E+0% in ore, in ground",Ni,Ni,58.693,-9.066741688482605e-14
"('ecoinvent-3.4-biosphere', '0d7f8b87-12f4-4e83-a5a2-854e2f2b47de')","Ni, Ni 2.3E+0%, Pt 2.5E-4%, Pd 7.3E-4%, Rh 2.0E-5%, Cu 3.2E+0% in ore, in ground",Ni,Ni,58.693,-9.066741688482605e-14
"('ecoinvent-3.4-biosphere', '0d7f8b87-12f4-4e83-a5a2-854e2f2b47de')","Ni, Ni 2.3E+0%, Pt 2.5E-4%, Pd 7.3E-4%, Rh 2.0E-5%, Cu 3.2E+0% in ore, in ground",Ni,Ni,58.693,-9.066741688482605e-14
"('ecoinvent-3.4-biosphere', '86c6e6cd-c2f5-4977-bad6-ce9cd48cf721')","Nickel, 1.13% in sulfide, Ni 0.76% and Cu 0.76% in crude ore, in ground",Nickel,Ni,58.693,-9.066741688482605e-14
"('ecoinvent-3.4-biosphere', '86c6e6cd-c2f5-4977-bad6-ce9cd48cf721')","Nickel, 1.13% in sulfide, Ni 0.76% and Cu 0.76% in crude ore, in ground",Nickel,Ni,58.693,-9.066741688482605e-14
"('ecoinvent-3.4-biosphere', '86c6e6cd-c2f5-4977-bad6-ce9cd48cf721')","Nickel, 1.13% in sulfide, Ni 0.76% and Cu 0.76% in crude ore, in ground",Nickel,Ni,58.693,-9.066741688482605e-14
"('ecoinvent-3.4-biosphere', '719def62-0941-4264-bc54-97093d847d7a')","Molybdenum, 0.025% in sulfide, Mo 8.2E-3% and Cu 0.39% in crude ore, in ground",Molybdenum,Mo,95.95,-1.653204348388365e-13
"('ecoinvent-3.4-biosphere', '719def62-0941-4264-bc54-97093d847d7a')","Molybdenum, 0.025% in sulfide, Mo 8.2E-3% and Cu 0.39% in crude ore, in ground",Molybdenum,Mo,95.95,-1.653204348388365e-13
"('ecoinvent-3.4-biosphere', '719def62-0941-4264-bc54-97093d847d7a')","Molybdenum, 0.025% in sulfide, Mo 8.2E-3% and Cu 0.39% in crude ore, in ground",Molybdenum,Mo,95.95,-1.653204348388365e-13
"('ecoinvent-3.4-biosphere', '4df0eac4-44bb-46b6-b588-e3513a1ead2f')","Lead, Pb 3.6E-1%, in mixed ore, in ground",Lead,Pb,207.0,-1.1855254708054443e-13
"('ecoinvent-3.4-biosphere', '4df0eac4-44bb-46b6-b588-e3513a1ead2f')","Lead, Pb 3.6E-1%, in mixed ore, in ground",Lead,Pb,207.0,-1.1855254708054443e-13
"('ecoinvent-3.4-biosphere', '4df0eac4-44bb-46b6-b588-e3513a1ead2f')","Lead, Pb 3.6E-1%, in mixed ore, in ground",Lead,Pb,207.0,-1.1855254708054443e-13
"('ecoinvent-3.4-biosphere', '423ef039-6057-4f63-94bd-e9410d024bd0')","Sand, unspecified, in ground",Sand,O2Si,60.084,
"('ecoinvent-3.4-biosphere', '423ef039-6057-4f63-94bd-e9410d024bd0')","Sand, unspecified, in ground",Sand,O2Si,60.084,
"('ecoinvent-3.4-biosphere', '423ef039-6057-4f63-94bd-e9410d024bd0')","Sand, unspecified, in ground",Sand,O2Si,60.084,
"('ecoinvent-3.4-biosphere', '3e0034cd-21d6-4582-9fbf-09c26edd05df')","Stibnite, in ground",Stibnite,S3Sb2,339.7,-1.5652147431109078e-11
"('ecoinvent-3.4-biosphere', '3e0034cd-21d6-4582-9fbf-09c26edd05df')","Stibnite, in ground",Stibnite,S3Sb2,339.7,-1.5652147431109078e-11
"('ecoinvent-3.4-biosphere', '3e0034cd-21d6-4582-9fbf-09c26edd05df')","Stibnite, in ground",Stibnite,S3Sb2,339.7,-1.5652147431109078e-11
"('ecoinvent-3.4-biosphere', '26296ec9-ff93-41e6-bbbf-6175af04284d')","Feldspar, in ground",Feldspar,AlKO8Si3,278.33,-6.226059734790389e-15
"('ecoinvent-3.4-biosphere', '26296ec9-ff93-41e6-bbbf-6175af04284d')","Feldspar, in ground",Feldspar,AlKO8Si3,278.33,-6.226059734790389e-15
"('ecoinvent-3.4-biosphere', '26296ec9-ff93-41e6-bbbf-6175af04284d')","Feldspar, in ground",Feldspar,AlKO8Si3,278.33,-6.226059734790389e-15
"('ecoinvent-3.4-biosphere', '7a81cd45-7f4c-40b3-989c-6a65f42df999')","Tellurium, 0.5ppm in sulfide, Te 0.2ppm, Cu and Ag, in crude ore, in ground",Tellurium,Te,127.6,
"('ecoinvent-3.4-biosphere', '7a81cd45-7f4c-40b3-989c-6a65f42df999')","Tellurium, 0.5ppm in sulfide, Te 0.2ppm, Cu and Ag, in crude ore, in ground",Tellurium,Te,127.6,
"('ecoinvent-3.4-biosphere', '7a81cd45-7f4c-40b3-989c-6a65f42df999')","Tellurium, 0.5ppm in sulfide, Te 0.2ppm, Cu and Ag, in crude ore, in ground",Tellurium,Te,127.6,
"('ecoinvent-3.4-biosphere', '9f9f1f14-6eee-4067-b4a5-80e75fc7b295')","Manganese, 35.7% in sedimentary deposit, 14.2% in crude ore, in ground",Manganese,Mn,54.93804,-6.485008032108111e-14
"('ecoinvent-3.4-biosphere', '9f9f1f14-6eee-4067-b4a5-80e75fc7b295')","Manganese, 35.7% in sedimentary deposit, 14.2% in crude ore, in ground",Manganese,Mn,54.93804,-6.485008032108111e-14
"('ecoinvent-3.4-biosphere', '9f9f1f14-6eee-4067-b4a5-80e75fc7b295')","Manganese, 35.7% in sedimentary deposit, 14.2% in crude ore, in ground",Manganese,Mn,54.93804,-6.485008032108111e-14
"('ecoinvent-3.4-biosphere', 'adfff256-b19a-4083-9783-ffbc7a7cb437')","Silver, Ag 1.5E-5%, Au 5.4E-4%, in ore, in ground",Silver,Ag,107.868,-1.5701960660375504e-13
"('ecoinvent-3.4-biosphere', 'adfff256-b19a-4083-9783-ffbc7a7cb437')","Silver, Ag 1.5E-5%, Au 5.4E-4%, in ore, in ground",Silver,Ag,107.868,-1.5701960660375504e-13
"('ecoinvent-3.4-biosphere', 'adfff256-b19a-4083-9783-ffbc7a7cb437')","Silver, Ag 1.5E-5%, Au 5.4E-4%, in ore, in ground",Silver,Ag,107.868,-1.5701960660375504e-13
"('ecoinvent-3.4-biosphere', '5f1d740e-804d-4080-8ef9-aeaa0d8e1115')","Tantalum, 81.9% in tantalite, 1.6E-4% in crude ore, in ground",Tantalum,Ta,180.9479,
"('ecoinvent-3.4-biosphere', '5f1d740e-804d-4080-8ef9-aeaa0d8e1115')","Tantalum, 81.9% in tantalite, 1.6E-4% in crude ore, in ground",Tantalum,Ta,180.9479,
"('ecoinvent-3.4-biosphere', '5f1d740e-804d-4080-8ef9-aeaa0d8e1115')","Tantalum, 81.9% in tantalite, 1.6E-4% in crude ore, in ground",Tantalum,Ta,180.9479,
"('ecoinvent-3.4-biosphere', '6df9ea09-115a-4678-9f30-d92c877a46ec')","Anhydrite, in ground",Anhydrite,CaO4S,136.14,
"('ecoinvent-3.4-biosphere', '6df9ea09-115a-4678-9f30-d92c877a46ec')","Anhydrite, in ground",Anhydrite,CaO4S,136.14,
"('ecoinvent-3.4-biosphere', '6df9ea09-115a-4678-9f30-d92c877a46ec')","Anhydrite, in ground",Anhydrite,CaO4S,136.14,
"('ecoinvent-3.4-biosphere', 'd28f9d42-5df5-41c3-be59-fdfa7ff57112')","Gold, Au 7.1E-4%, in ore, in ground",Gold,Au,196.96657,
"('ecoinvent-3.4-biosphere', 'd28f9d42-5df5-41c3-be59-fdfa7ff57112')","Gold, Au 7.1E-4%, in ore, in ground",Gold,Au,196.96657,
"('ecoinvent-3.4-biosphere', 'd28f9d42-5df5-41c3-be59-fdfa7ff57112')","Gold, Au 7.1E-4%, in ore, in ground",Gold,Au,196.96657,
"('ecoinvent-3.4-biosphere', 'fcee6eab-e906-4ddf-bc14-2b131b937893')","Zirconium, 50% in zircon, 0.39% in crude ore, in ground",Zirconium,Zr,91.22,
"('ecoinvent-3.4-biosphere', 'fcee6eab-e906-4ddf-bc14-2b131b937893')","Zirconium, 50% in zircon, 0.39% in crude ore, in ground",Zirconium,Zr,91.22,
"('ecoinvent-3.4-biosphere', 'fcee6eab-e906-4ddf-bc14-2b131b937893')","Zirconium, 50% in zircon, 0.39% in crude ore, in ground",Zirconium,Zr,91.22,
"('ecoinvent-3.4-biosphere', '2ba5e39b-adb6-4767-a51d-90c1cf32fe98')","Uranium, in ground",Uranium,U,238.0289,-9.154438878304105e-12
"('ecoinvent-3.4-biosphere', '2ba5e39b-adb6-4767-a51d-90c1cf32fe98')","Uranium, in ground",Uranium,U,238.0289,-9.154438878304105e-12
"('ecoinvent-3.4-biosphere', '2ba5e39b-adb6-4767-a51d-90c1cf32fe98')","Uranium, in ground",Uranium,U,238.0289,-9.154438878304105e-12
"('ecoinvent-3.4-biosphere', '355785ee-56e0-455b-aaa6-bee43c82b49c')","Fluorine, 4.5% in apatite, 3% in crude ore, in ground",Fluorine,F2,37.99680632,
"('ecoinvent-3.4-biosphere', '355785ee-56e0-455b-aaa6-bee43c82b49c')","Fluorine, 4.5% in apatite, 3% in crude ore, in ground",Fluorine,F2,37.99680632,
"('ecoinvent-3.4-biosphere', '355785ee-56e0-455b-aaa6-bee43c82b49c')","Fluorine, 4.5% in apatite, 3% in crude ore, in ground",Fluorine,F2,37.99680632,
"('ecoinvent-3.4-biosphere', 'c7aee986-b7d8-4ad9-ad45-1ac0d68e6b78')","Dolomite, in ground",Dolomite,C2CaMgO6,184.4,
"('ecoinvent-3.4-biosphere', 'c7aee986-b7d8-4ad9-ad45-1ac0d68e6b78')","Dolomite, in ground",Dolomite,C2CaMgO6,184.4,
"('ecoinvent-3.4-biosphere', 'c7aee986-b7d8-4ad9-ad45-1ac0d68e6b78')","Dolomite, in ground",Dolomite,C2CaMgO6,184.4,
"('ecoinvent-3.4-biosphere', '6f70e7c7-ef61-4489-b4f3-157e7e8541ef')","Silver, Ag 4.6E-5%, Au 1.3E-4%, in ore, in ground",Silver,Ag,107.868,-1.5701960660375504e-13
"('ecoinvent-3.4-biosphere', '6f70e7c7-ef61-4489-b4f3-157e7e8541ef')","Silver, Ag 4.6E-5%, Au 1.3E-4%, in ore, in ground",Silver,Ag,107.868,-1.5701960660375504e-13
"('ecoinvent-3.4-biosphere', '6f70e7c7-ef61-4489-b4f3-157e7e8541ef')","Silver, Ag 4.6E-5%, Au 1.3E-4%, in ore, in ground",Silver,Ag,107.868,-1.5701960660375504e-13
"('ecoinvent-3.4-biosphere', '95268685-7bea-4883-a412-119d7e88372c')","Gold, Au 4.3E-4%, in ore, in ground",Gold,Au,196.96657,
"('ecoinvent-3.4-biosphere', '95268685-7bea-4883-a412-119d7e88372c')","Gold, Au 4.3E-4%, in ore, in ground",Gold,Au,196.96657,
"('ecoinvent-3.4-biosphere', '95268685-7bea-4883-a412-119d7e88372c')","Gold, Au 4.3E-4%, in ore, in ground",Gold,Au,196.96657,
"('ecoinvent-3.4-biosphere', 'e47e4e5f-6528-413d-a8fb-1cd1875fbd73')","Nickel, 1.98% in silicates, 1.04% in crude ore, in ground",Nickel,Ni,58.693,-9.066741688482605e-14
"('ecoinvent-3.4-biosphere', 'e47e4e5f-6528-413d-a8fb-1cd1875fbd73')","Nickel, 1.98% in silicates, 1.04% in crude ore, in ground",Nickel,Ni,58.693,-9.066741688482605e-14
"('ecoinvent-3.4-biosphere', 'e47e4e5f-6528-413d-a8fb-1cd1875fbd73')","Nickel, 1.98% in silicates, 1.04% in crude ore, in ground",Nickel,Ni,58.693,-9.066741688482605e-14
"('ecoinvent-3.4-biosphere', 'cc6a1abb-b123-4ca6-8f16-38209df609be')","Carbon dioxide, in air",Carbon dioxide,CO2,44.009,
"('ecoinvent-3.4-biosphere', 'cc6a1abb-b123-4ca6-8f16-38209df609be')","Carbon dioxide, in air",Carbon dioxide,CO2,44.009,
"('ecoinvent-3.4-biosphere', 'cc6a1abb-b123-4ca6-8f16-38209df609be')","Carbon dioxide, in air",Carbon dioxide,CO2,44.009,
"('ecoinvent-3.4-biosphere', 'b878ca93-d699-421e-a4b6-f694dc627062')","Gadolinium, 0.15% in bastnasite, 0.015% in crude ore, in ground",Gadolinium,Gd,157.25,
"('ecoinvent-3.4-biosphere', 'b878ca93-d699-421e-a4b6-f694dc627062')","Gadolinium, 0.15% in bastnasite, 0.015% in crude ore, in ground",Gadolinium,Gd,157.25,
"('ecoinvent-3.4-biosphere', 'b878ca93-d699-421e-a4b6-f694dc627062')","Gadolinium, 0.15% in bastnasite, 0.015% in crude ore, in ground",Gadolinium,Gd,157.25,
"('ecoinvent-3.4-biosphere', 'c13beafb-2aed-4a52-b09a-78d28913b6ce')","Barite, 15% in crude ore, in ground",Barite,BaO4S,233.39,
"('ecoinvent-3.4-biosphere', 'c13beafb-2aed-4a52-b09a-78d28913b6ce')","Barite, 15% in crude ore, in ground",Barite,BaO4S,233.39,
"('ecoinvent-3.4-biosphere', 'c13beafb-2aed-4a52-b09a-78d28913b6ce')","Barite, 15% in crude ore, in ground",Barite,BaO4S,233.39,
"('ecoinvent-3.4-biosphere', '1aee4aa7-32e0-48e7-a6b5-73d8acf672d3')","Copper, 0.52% in sulfide, Cu 0.27% and Mo 8.2E-3% in crude ore, in ground",Copper,Cu,63.55,-1.2312433333350088e-14
"('ecoinvent-3.4-biosphere', '1aee4aa7-32e0-48e7-a6b5-73d8acf672d3')","Copper, 0.52% in sulfide, Cu 0.27% and Mo 8.2E-3% in crude ore, in ground",Copper,Cu,63.55,-1.2312433333350088e-14
"('ecoinvent-3.4-biosphere', '1aee4aa7-32e0-48e7-a6b5-73d8acf672d3')","Copper, 0.52% in sulfide, Cu 0.27% and Mo 8.2E-3% in crude ore, in ground",Copper,Cu,63.55,-1.2312433333350088e-14
"('ecoinvent-3.4-biosphere', 'a4375a18-172c-4f82-90b7-bca972f75548')","Granite, in ground",Granite,C16H14F5N5O5S,483.4,
"('ecoinvent-3.4-biosphere', 'a4375a18-172c-4f82-90b7-bca972f75548')","Granite, in ground",Granite,C16H14F5N5O5S,483.4,
"('ecoinvent-3.4-biosphere', 'a8896ed6-4c9d-4b06-a356-49d8cdd9e9d7')","Gold, Au 1.4E-4%, in ore, in ground",Gold,Au,196.96657,
"('ecoinvent-3.4-biosphere', 'a8896ed6-4c9d-4b06-a356-49d8cdd9e9d7')","Gold, Au 1.4E-4%, in ore, in ground",Gold,Au,196.96657,
"('ecoinvent-3.4-biosphere', 'a8896ed6-4c9d-4b06-a356-49d8cdd9e9d7')","Gold, Au 1.4E-4%, in ore, in ground",Gold,Au,196.96657,
"('ecoinvent-3.4-biosphere', '45ed0c16-0e34-45f1-8bf9-3b1ce8489e73')","Silver, Ag 1.8E-6%, in mixed ore, in ground",Silver,Ag,107.868,-1.5701960660375504e-13
"('ecoinvent-3.4-biosphere', '45ed0c16-0e34-45f1-8bf9-3b1ce8489e73')","Silver, Ag 1.8E-6%, in mixed ore, in ground",Silver,Ag,107.868,-1.5701960660375504e-13
"('ecoinvent-3.4-biosphere', '45ed0c16-0e34-45f1-8bf9-3b1ce8489e73')","Silver, Ag 1.8E-6%, in mixed ore, in ground",Silver,Ag,107.868,-1.5701960660375504e-13
"('ecoinvent-3.4-biosphere', '8508a83c-6a37-4159-93cc-21a2645390ab')","Cu, Cu 5.2E-2%, Pt 4.8E-4%, Pd 2.0E-4%, Rh 2.4E-5%, Ni 3.7E-2% in ore, in ground",Cu,Cu,63.55,-1.2312433333350088e-14
"('ecoinvent-3.4-biosphere', '8508a83c-6a37-4159-93cc-21a2645390ab')","Cu, Cu 5.2E-2%, Pt 4.8E-4%, Pd 2.0E-4%, Rh 2.4E-5%, Ni 3.7E-2% in ore, in ground",Cu,Cu,63.55,-1.2312433333350088e-14
"('ecoinvent-3.4-biosphere', '8508a83c-6a37-4159-93cc-21a2645390ab')","Cu, Cu 5.2E-2%, Pt 4.8E-4%, Pd 2.0E-4%, Rh 2.4E-5%, Ni 3.7E-2% in ore, in ground",Cu,Cu,63.55,-1.2312433333350088e-14
"('ecoinvent-3.4-biosphere', 'bea19217-6a28-4711-8142-2e71090c0b46')","Vermiculite, in ground",Vermiculite,AlFeH3MgO6Si-3,234.24,-8.418989223455038e-15
"('ecoinvent-3.4-biosphere', 'bea19217-6a28-4711-8142-2e71090c0b46')","Vermiculite, in ground",Vermiculite,AlFeH3MgO6Si-3,234.24,-8.418989223455038e-15
"('ecoinvent-3.4-biosphere', 'bea19217-6a28-4711-8142-2e71090c0b46')","Vermiculite, in ground",Vermiculite,AlFeH3MgO6Si-3,234.24,-8.418989223455038e-15
"('ecoinvent-3.4-biosphere', '99ee393d-4bd1-4cc8-b0a0-d956865fb7bf')","Calcite, in ground",Calcite,CCaO3,100.09,
"('ecoinvent-3.4-biosphere', '99ee393d-4bd1-4cc8-b0a0-d956865fb7bf')","Calcite, in ground",Calcite,CCaO3,100.09,
"('ecoinvent-3.4-biosphere', '99ee393d-4bd1-4cc8-b0a0-d956865fb7bf')","Calcite, in ground",Calcite,CCaO3,100.09,
"('ecoinvent-3.4-biosphere', '3250f566-58bc-46d3-ab88-1d2e23ca3e1b')","Pt, Pt 2.5E-4%, Pd 7.3E-4%, Rh 2.0E-5%, Ni 2.3E+0%, Cu 3.2E+0% in ore, in ground",Pt,Pt,195.08,
"('ecoinvent-3.4-biosphere', '3250f566-58bc-46d3-ab88-1d2e23ca3e1b')","Pt, Pt 2.5E-4%, Pd 7.3E-4%, Rh 2.0E-5%, Ni 2.3E+0%, Cu 3.2E+0% in ore, in ground",Pt,Pt,195.08,
"('ecoinvent-3.4-biosphere', '3250f566-58bc-46d3-ab88-1d2e23ca3e1b')","Pt, Pt 2.5E-4%, Pd 7.3E-4%, Rh 2.0E-5%, Ni 2.3E+0%, Cu 3.2E+0% in ore, in ground",Pt,Pt,195.08,
"('ecoinvent-3.4-biosphere', '0878c1c6-4c1d-4f90-a2de-a9383855d5c6')","Gallium, in ground",Gallium,Ga,69.723,
"('ecoinvent-3.4-biosphere', '0878c1c6-4c1d-4f90-a2de-a9383855d5c6')","Gallium, in ground",Gallium,Ga,69.723,
"('ecoinvent-3.4-biosphere', '0878c1c6-4c1d-4f90-a2de-a9383855d5c6')","Gallium, in ground",Gallium,Ga,69.723,
"('ecoinvent-3.4-biosphere', '16ddda12-daf4-460c-83fb-c361bdbbc9e9')","Gold, Au 1.8E-4%, in mixed ore, in ground",Gold,Au,196.96657,
"('ecoinvent-3.4-biosphere', '16ddda12-daf4-460c-83fb-c361bdbbc9e9')","Gold, Au 1.8E-4%, in mixed ore, in ground",Gold,Au,196.96657,
"('ecoinvent-3.4-biosphere', '16ddda12-daf4-460c-83fb-c361bdbbc9e9')","Gold, Au 1.8E-4%, in mixed ore, in ground",Gold,Au,196.96657,
"('ecoinvent-3.4-biosphere', 'c5f5aeb8-7558-4a0c-9594-27621b9cfbc5')","Chrysotile, in ground",Chrysotile,H4Mg3O9Si2,277.11,
"('ecoinvent-3.4-biosphere', 'c5f5aeb8-7558-4a0c-9594-27621b9cfbc5')","Chrysotile, in ground",Chrysotile,H4Mg3O9Si2,277.11,
"('ecoinvent-3.4-biosphere', 'c5f5aeb8-7558-4a0c-9594-27621b9cfbc5')","Chrysotile, in ground",Chrysotile,H4Mg3O9Si2,277.11,
"('ecoinvent-3.4-biosphere', '8b46f615-69c9-4ca3-815e-a7bde116d202')",Argon-40,Argon-40,Ar,39.9,
"('ecoinvent-3.4-biosphere', '8b46f615-69c9-4ca3-815e-a7bde116d202')",Argon-40,Argon-40,Ar,39.9,
"('ecoinvent-3.4-biosphere', '8b46f615-69c9-4ca3-815e-a7bde116d202')",Argon-40,Argon-40,Ar,39.9,
"('ecoinvent-3.4-biosphere', 'd2bf022d-9cbf-4f19-a8ec-7f507746942b')","Magnesite, 60% in crude ore, in ground",Magnesite,CMgO3,84.31,
"('ecoinvent-3.4-biosphere', 'd2bf022d-9cbf-4f19-a8ec-7f507746942b')","Magnesite, 60% in crude ore, in ground",Magnesite,CMgO3,84.31,
"('ecoinvent-3.4-biosphere', 'd2bf022d-9cbf-4f19-a8ec-7f507746942b')","Magnesite, 60% in crude ore, in ground",Magnesite,CMgO3,84.31,
"('ecoinvent-3.4-biosphere', 'bc153c00-6c93-412f-aadc-750f2fc6f9c7')","Silver, 0.01% in crude ore, in ground",Silver,Ag,107.868,-1.5701960660375504e-13
"('ecoinvent-3.4-biosphere', 'bc153c00-6c93-412f-aadc-750f2fc6f9c7')","Silver, 0.01% in crude ore, in ground",Silver,Ag,107.868,-1.5701960660375504e-13
"('ecoinvent-3.4-biosphere', 'bc153c00-6c93-412f-aadc-750f2fc6f9c7')","Silver, 0.01% in crude ore, in ground",Silver,Ag,107.868,-1.5701960660375504e-13
"('ecoinvent-3.4-biosphere', '14946240-b1ee-412c-b900-ed5728a4e684')","Silver, 3.2ppm in sulfide, Ag 1.2ppm, Cu and Te, in crude ore, in ground",Silver,Ag,107.868,-1.5701960660375504e-13
"('ecoinvent-3.4-biosphere', '14946240-b1ee-412c-b900-ed5728a4e684')","Silver, 3.2ppm in sulfide, Ag 1.2ppm, Cu and Te, in crude ore, in ground",Silver,Ag,107.868,-1.5701960660375504e-13
"('ecoinvent-3.4-biosphere', '14946240-b1ee-412c-b900-ed5728a4e684')","Silver, 3.2ppm in sulfide, Ag 1.2ppm, Cu and Te, in crude ore, in ground",Silver,Ag,107.868,-1.5701960660375504e-13
"('ecoinvent-3.4-biosphere', '4f701354-38fd-40b0-8c90-4c1df36ec45a')","Lead, 5.0% in sulfide, Pb 3.0%, Zn, Ag, Cd, In, in ground",Lead,Pb,207.0,-1.1855254708054443e-13
"('ecoinvent-3.4-biosphere', '4f701354-38fd-40b0-8c90-4c1df36ec45a')","Lead, 5.0% in sulfide, Pb 3.0%, Zn, Ag, Cd, In, in ground",Lead,Pb,207.0,-1.1855254708054443e-13
"('ecoinvent-3.4-biosphere', '4f701354-38fd-40b0-8c90-4c1df36ec45a')","Lead, 5.0% in sulfide, Pb 3.0%, Zn, Ag, Cd, In, in ground",Lead,Pb,207.0,-1.1855254708054443e-13
"('ecoinvent-3.4-biosphere', 'e2c5109f-9a68-4828-b824-eb2193864803')","Gallium, 0.014% in bauxite, in ground",Gallium,Ga,69.723,
"('ecoinvent-3.4-biosphere', 'e2c5109f-9a68-4828-b824-eb2193864803')","Gallium, 0.014% in bauxite, in ground",Gallium,Ga,69.723,
"('ecoinvent-3.4-biosphere', 'e2c5109f-9a68-4828-b824-eb2193864803')","Gallium, 0.014% in bauxite, in ground",Gallium,Ga,69.723,
"('ecoinvent-3.4-biosphere', 'c15f6c4d-bf7a-4a7c-91c6-53aad6a630a8')","Silver, 0.007% in sulfide, Ag 0.004%, Pb, Zn, Cd, In, in ground",Silver,Ag,107.868,-1.5701960660375504e-13
"('ecoinvent-3.4-biosphere', 'c15f6c4d-bf7a-4a7c-91c6-53aad6a630a8')","Silver, 0.007% in sulfide, Ag 0.004%, Pb, Zn, Cd, In, in ground",Silver,Ag,107.868,-1.5701960660375504e-13
"('ecoinvent-3.4-biosphere', 'c15f6c4d-bf7a-4a7c-91c6-53aad6a630a8')","Silver, 0.007% in sulfide, Ag 0.004%, Pb, Zn, Cd, In, in ground",Silver,Ag,107.868,-1.5701960660375504e-13
"('ecoinvent-3.4-biosphere', 'b569dc97-52fe-4e39-9627-183b1002c287')","Copper, 2.19% in sulfide, Cu 1.83% and Mo 8.2E-3% in crude ore, in ground",Copper,Cu,63.55,-1.2312433333350088e-14
"('ecoinvent-3.4-biosphere', 'b569dc97-52fe-4e39-9627-183b1002c287')","Copper, 2.19% in sulfide, Cu 1.83% and Mo 8.2E-3% in crude ore, in ground",Copper,Cu,63.55,-1.2312433333350088e-14
"('ecoinvent-3.4-biosphere', 'b569dc97-52fe-4e39-9627-183b1002c287')","Copper, 2.19% in sulfide, Cu 1.83% and Mo 8.2E-3% in crude ore, in ground",Copper,Cu,63.55,-1.2312433333350088e-14
"('ecoinvent-3.4-biosphere', 'a45cd247-3532-4e27-bddc-b519fdb5e08f')","Aluminium, in ground",Aluminium,Al,26.981538,-6.422536676269253e-14
"('ecoinvent-3.4-biosphere', 'a45cd247-3532-4e27-bddc-b519fdb5e08f')","Aluminium, in ground",Aluminium,Al,26.981538,-6.422536676269253e-14
"('ecoinvent-3.4-biosphere', 'a45cd247-3532-4e27-bddc-b519fdb5e08f')","Aluminium, in ground",Aluminium,Al,26.981538,-6.422536676269253e-14
"('ecoinvent-3.4-biosphere', '0b9159dd-305d-4add-802f-f7b780ed0289')","Sodium chloride, in ground",Sodium chloride,ClNa,58.44,
"('ecoinvent-3.4-biosphere', '0b9159dd-305d-4add-802f-f7b780ed0289')","Sodium chloride, in ground",Sodium chloride,ClNa,58.44,
"('ecoinvent-3.4-biosphere', '0b9159dd-305d-4add-802f-f7b780ed0289')","Sodium chloride, in ground",Sodium chloride,ClNa,58.44,
"('ecoinvent-3.4-biosphere', '4c276350-de3d-4bba-90a9-0d0a9ad097c0')","Helium, 0.08% in natural gas, in ground",Helium,He,4.0026,
"('ecoinvent-3.4-biosphere', '4c276350-de3d-4bba-90a9-0d0a9ad097c0')","Helium, 0.08% in natural gas, in ground",Helium,He,4.0026,
"('ecoinvent-3.4-biosphere', '4c276350-de3d-4bba-90a9-0d0a9ad097c0')","Helium, 0.08% in natural gas, in ground",Helium,He,4.0026,
"('ecoinvent-3.4-biosphere', 'ec72c523-9e1a-466a-98c3-e4098e90fd27')","Colemanite, in ground",Colemanite,B4CaO7,195.3,
"('ecoinvent-3.4-biosphere', 'ec72c523-9e1a-466a-98c3-e4098e90fd27')","Colemanite, in ground",Colemanite,B4CaO7,195.3,
"('ecoinvent-3.4-biosphere', 'ec72c523-9e1a-466a-98c3-e4098e90fd27')","Colemanite, in ground",Colemanite,B4CaO7,195.3,
"('ecoinvent-3.4-biosphere', 'cf3d3dbc-0e4b-402d-92a1-8ea6b4869ed5')","Gold, Au 9.7E-4%, in mixed ore, in ground",Gold,Au,196.96657,
"('ecoinvent-3.4-biosphere', 'cf3d3dbc-0e4b-402d-92a1-8ea6b4869ed5')","Gold, Au 9.7E-4%, in mixed ore, in ground",Gold,Au,196.96657,
"('ecoinvent-3.4-biosphere', 'cf3d3dbc-0e4b-402d-92a1-8ea6b4869ed5')","Gold, Au 9.7E-4%, in mixed ore, in ground",Gold,Au,196.96657,
"('ecoinvent-3.4-biosphere', '4602b501-1c9b-4af7-bb1c-864c70c3e855')","Krypton, in air",Krypton,Kr,83.8,
"('ecoinvent-3.4-biosphere', '4602b501-1c9b-4af7-bb1c-864c70c3e855')","Krypton, in air",Krypton,Kr,83.8,
"('ecoinvent-3.4-biosphere', '4602b501-1c9b-4af7-bb1c-864c70c3e855')","Krypton, in air",Krypton,Kr,83.8,
"('ecoinvent-3.4-biosphere', 'de2d220b-9fe8-4c39-bef7-a76c00d6ff33')","Fluorspar, 92%, in ground",Fluorspar,CaF2,78.07,
"('ecoinvent-3.4-biosphere', 'de2d220b-9fe8-4c39-bef7-a76c00d6ff33')","Fluorspar, 92%, in ground",Fluorspar,CaF2,78.07,
"('ecoinvent-3.4-biosphere', 'de2d220b-9fe8-4c39-bef7-a76c00d6ff33')","Fluorspar, 92%, in ground",Fluorspar,CaF2,78.07,
"('ecoinvent-3.4-biosphere', 'c73e75dc-c02d-4192-ab43-faf29c119fae')","Pyrite, in ground",Pyrite,FeS2,119.98,-1.9933724763952254e-15
"('ecoinvent-3.4-biosphere', 'c73e75dc-c02d-4192-ab43-faf29c119fae')","Pyrite, in ground",Pyrite,FeS2,119.98,-1.9933724763952254e-15
"('ecoinvent-3.4-biosphere', 'c73e75dc-c02d-4192-ab43-faf29c119fae')","Pyrite, in ground",Pyrite,FeS2,119.98,-1.9933724763952254e-15
"('ecoinvent-3.4-biosphere', '0f1b21d0-2780-4742-87f2-28fb21a44db5')","strontium, in ground",strontium,Sr,87.62,
"('ecoinvent-3.4-biosphere', '0f1b21d0-2780-4742-87f2-28fb21a44db5')","strontium, in ground",strontium,Sr,87.62,
"('ecoinvent-3.4-biosphere', '0f1b21d0-2780-4742-87f2-28fb21a44db5')","strontium, in ground",strontium,Sr,87.62,
"('ecoinvent-3.4-biosphere', '31998285-fb5c-411d-b853-ce78be2a0b49')","Copper, 1.18% in sulfide, Cu 0.39% and Mo 8.2E-3% in crude ore, in ground",Copper,Cu,63.55,-1.2312433333350088e-14
"('ecoinvent-3.4-biosphere', '31998285-fb5c-411d-b853-ce78be2a0b49')","Copper, 1.18% in sulfide, Cu 0.39% and Mo 8.2E-3% in crude ore, in ground",Copper,Cu,63.55,-1.2312433333350088e-14
"('ecoinvent-3.4-biosphere', '31998285-fb5c-411d-b853-ce78be2a0b49')","Copper, 1.18% in sulfide, Cu 0.39% and Mo 8.2E-3% in crude ore, in ground",Copper,Cu,63.55,-1.2312433333350088e-14
"('ecoinvent-3.4-biosphere', 'f46130cc-dbd4-4a3b-a537-5efbcd89063f')","Samarium, 0.3% in bastnasite, 0.03% in crude ore, in ground",Samarium,Sm,150.4,
"('ecoinvent-3.4-biosphere', 'f46130cc-dbd4-4a3b-a537-5efbcd89063f')","Samarium, 0.3% in bastnasite, 0.03% in crude ore, in ground",Samarium,Sm,150.4,
"('ecoinvent-3.4-biosphere', 'f46130cc-dbd4-4a3b-a537-5efbcd89063f')","Samarium, 0.3% in bastnasite, 0.03% in crude ore, in ground",Samarium,Sm,150.4,
"('ecoinvent-3.4-biosphere', 'af01e564-f816-4906-bd4f-b7c932f926b9')",Oxygen,Oxygen,O2,31.999,
"('ecoinvent-3.4-biosphere', 'af01e564-f816-4906-bd4f-b7c932f926b9')",Oxygen,Oxygen,O2,31.999,
"('ecoinvent-3.4-biosphere', 'af01e564-f816-4906-bd4f-b7c932f926b9')",Oxygen,Oxygen,O2,31.999,
"('ecoinvent-3.4-biosphere', '31b4eea9-640e-4056-ac2f-0555627af18a')","Tin, 79% in cassiterite, 0.1% in crude ore, in ground",Tin,Sn,118.71,-1.3268575464212294e-13
"('ecoinvent-3.4-biosphere', '31b4eea9-640e-4056-ac2f-0555627af18a')","Tin, 79% in cassiterite, 0.1% in crude ore, in ground",Tin,Sn,118.71,-1.3268575464212294e-13
"('ecoinvent-3.4-biosphere', '31b4eea9-640e-4056-ac2f-0555627af18a')","Tin, 79% in cassiterite, 0.1% in crude ore, in ground",Tin,Sn,118.71,-1.3268575464212294e-13
"('ecoinvent-3.4-biosphere', 'ed8c57b5-6012-4f21-8b70-92a85923786a')","Silver, Ag 1.5E-4%, Au 6.8E-4%, in ore, in ground",Silver,Ag,107.868,-1.5701960660375504e-13
"('ecoinvent-3.4-biosphere', 'ed8c57b5-6012-4f21-8b70-92a85923786a')","Silver, Ag 1.5E-4%, Au 6.8E-4%, in ore, in ground",Silver,Ag,107.868,-1.5701960660375504e-13
"('ecoinvent-3.4-biosphere', 'ed8c57b5-6012-4f21-8b70-92a85923786a')","Silver, Ag 1.5E-4%, Au 6.8E-4%, in ore, in ground",Silver,Ag,107.868,-1.5701960660375504e-13
"('ecoinvent-3.4-biosphere', '30fed59d-d722-482f-be4f-f3d93bdd2527')","Molybdenum, 0.022% in sulfide, Mo 8.2E-3% and Cu 0.36% in crude ore, in ground",Molybdenum,Mo,95.95,-1.653204348388365e-13
"('ecoinvent-3.4-biosphere', '30fed59d-d722-482f-be4f-f3d93bdd2527')","Molybdenum, 0.022% in sulfide, Mo 8.2E-3% and Cu 0.36% in crude ore, in ground",Molybdenum,Mo,95.95,-1.653204348388365e-13
"('ecoinvent-3.4-biosphere', '30fed59d-d722-482f-be4f-f3d93bdd2527')","Molybdenum, 0.022% in sulfide, Mo 8.2E-3% and Cu 0.36% in crude ore, in ground",Molybdenum,Mo,95.95,-1.653204348388365e-13
"('ecoinvent-3.4-biosphere', 'a2a4f255-ad47-4cf8-b6a9-e10885d61407')","Sodium nitrate, in ground",Sodium nitrate,NNaO3,84.995,
"('ecoinvent-3.4-biosphere', 'a2a4f255-ad47-4cf8-b6a9-e10885d61407')","Sodium nitrate, in ground",Sodium nitrate,NNaO3,84.995,
"('ecoinvent-3.4-biosphere', 'a2a4f255-ad47-4cf8-b6a9-e10885d61407')","Sodium nitrate, in ground",Sodium nitrate,NNaO3,84.995,
"('ecoinvent-3.4-biosphere', 'a3930b4d-74da-4489-9a50-d175c25d4fe8')","Rhenium, in crude ore, in ground",Rhenium,Re,186.207,
"('ecoinvent-3.4-biosphere', 'a3930b4d-74da-4489-9a50-d175c25d4fe8')","Rhenium, in crude ore, in ground",Rhenium,Re,186.207,
"('ecoinvent-3.4-biosphere', 'a3930b4d-74da-4489-9a50-d175c25d4fe8')","Rhenium, in crude ore, in ground",Rhenium,Re,186.207,
"('ecoinvent-3.4-biosphere', '3eece329-cf79-4167-93c2-b8d7d7eb5058')","Gold, Au 6.7E-4%, in ore, in ground",Gold,Au,196.96657,
"('ecoinvent-3.4-biosphere', '3eece329-cf79-4167-93c2-b8d7d7eb5058')","Gold, Au 6.7E-4%, in ore, in ground",Gold,Au,196.96657,
"('ecoinvent-3.4-biosphere', '3eece329-cf79-4167-93c2-b8d7d7eb5058')","Gold, Au 6.7E-4%, in ore, in ground",Gold,Au,196.96657,
"('ecoinvent-3.4-biosphere', 'c7d38707-3b22-4fb1-b001-0c8cad496a60')","Gold, Au 9.7E-5%, Ag 7.6E-5%, in ore, in ground",Gold,Au,196.96657,
"('ecoinvent-3.4-biosphere', 'c7d38707-3b22-4fb1-b001-0c8cad496a60')","Gold, Au 9.7E-5%, Ag 7.6E-5%, in ore, in ground",Gold,Au,196.96657,
"('ecoinvent-3.4-biosphere', 'c7d38707-3b22-4fb1-b001-0c8cad496a60')","Gold, Au 9.7E-5%, Ag 7.6E-5%, in ore, in ground",Gold,Au,196.96657,
"('ecoinvent-3.4-biosphere', '2d9f9c6b-8dca-4641-8ff9-53cb8beabd13')","Lead, Pb 0.014%, in mixed ore, in ground",Lead,Pb,207.0,-1.1855254708054443e-13
"('ecoinvent-3.4-biosphere', '2d9f9c6b-8dca-4641-8ff9-53cb8beabd13')","Lead, Pb 0.014%, in mixed ore, in ground",Lead,Pb,207.0,-1.1855254708054443e-13
"('ecoinvent-3.4-biosphere', '2d9f9c6b-8dca-4641-8ff9-53cb8beabd13')","Lead, Pb 0.014%, in mixed ore, in ground",Lead,Pb,207.0,-1.1855254708054443e-13
"('ecoinvent-3.4-biosphere', 'ac8571b8-b00b-479d-93cf-b9374feaee05')","Molybdenum, 0.016% in sulfide, Mo 8.2E-3% and Cu 0.27% in crude ore, in ground",Molybdenum,Mo,95.95,-1.653204348388365e-13
"('ecoinvent-3.4-biosphere', 'ac8571b8-b00b-479d-93cf-b9374feaee05')","Molybdenum, 0.016% in sulfide, Mo 8.2E-3% and Cu 0.27% in crude ore, in ground",Molybdenum,Mo,95.95,-1.653204348388365e-13
"('ecoinvent-3.4-biosphere', 'ac8571b8-b00b-479d-93cf-b9374feaee05')","Molybdenum, 0.016% in sulfide, Mo 8.2E-3% and Cu 0.27% in crude ore, in ground",Molybdenum,Mo,95.95,-1.653204348388365e-13
"('ecoinvent-3.4-biosphere', 'f7519ca9-5ffc-41c3-a33e-806da82cfc0e')","Clay, unspecified, in ground",Clay,Al2O5Si,162.05,-2.1387216365124453e-14
"('ecoinvent-3.4-biosphere', 'f7519ca9-5ffc-41c3-a33e-806da82cfc0e')","Clay, unspecified, in ground",Clay,Al2O5Si,162.05,-2.1387216365124453e-14
"('ecoinvent-3.4-biosphere', 'f7519ca9-5ffc-41c3-a33e-806da82cfc0e')","Clay, unspecified, in ground",Clay,Al2O5Si,162.05,-2.1387216365124453e-14
"('ecoinvent-3.4-biosphere', 'd7cadc9a-f42c-4711-a8e2-0b626c0a4c7a')","Olivine, in ground",Olivine,Fe2Mg8O20Si5,766.55,-6.24003208447979e-16
"('ecoinvent-3.4-biosphere', 'd7cadc9a-f42c-4711-a8e2-0b626c0a4c7a')","Olivine, in ground",Olivine,Fe2Mg8O20Si5,766.55,-6.24003208447979e-16
"('ecoinvent-3.4-biosphere', 'd7cadc9a-f42c-4711-a8e2-0b626c0a4c7a')","Olivine, in ground",Olivine,Fe2Mg8O20Si5,766.55,-6.24003208447979e-16
"('ecoinvent-3.4-biosphere', 'c970e81e-1c4e-4f21-814c-0c25444f41d2')","Neodymium, 4% in bastnasite, 0.4% in crude ore, in ground",Neodymium,Nd,144.24,
"('ecoinvent-3.4-biosphere', 'c970e81e-1c4e-4f21-814c-0c25444f41d2')","Neodymium, 4% in bastnasite, 0.4% in crude ore, in ground",Neodymium,Nd,144.24,
"('ecoinvent-3.4-biosphere', 'c970e81e-1c4e-4f21-814c-0c25444f41d2')","Neodymium, 4% in bastnasite, 0.4% in crude ore, in ground",Neodymium,Nd,144.24,
"('ecoinvent-3.4-biosphere', 'ed5ace5c-a203-4816-b33b-9fe0c5f0f519')","Copper, 1.13% in sulfide, Cu 0.76% and Ni 0.76% in crude ore, in ground",Copper,Cu,63.55,-1.2312433333350088e-14
"('ecoinvent-3.4-biosphere', 'ed5ace5c-a203-4816-b33b-9fe0c5f0f519')","Copper, 1.13% in sulfide, Cu 0.76% and Ni 0.76% in crude ore, in ground",Copper,Cu,63.55,-1.2312433333350088e-14
"('ecoinvent-3.4-biosphere', 'ed5ace5c-a203-4816-b33b-9fe0c5f0f519')","Copper, 1.13% in sulfide, Cu 0.76% and Ni 0.76% in crude ore, in ground",Copper,Cu,63.55,-1.2312433333350088e-14
"('ecoinvent-3.4-biosphere', '1b35070a-eb57-4f0f-a27f-5ba181ff0d4d')","Copper, 0.59% in sulfide, Cu 0.22% and Mo 8.2E-3% in crude ore, in ground",Copper,Cu,63.55,-1.2312433333350088e-14
"('ecoinvent-3.4-biosphere', '1b35070a-eb57-4f0f-a27f-5ba181ff0d4d')","Copper, 0.59% in sulfide, Cu 0.22% and Mo 8.2E-3% in crude ore, in ground",Copper,Cu,63.55,-1.2312433333350088e-14
"('ecoinvent-3.4-biosphere', '1b35070a-eb57-4f0f-a27f-5ba181ff0d4d')","Copper, 0.59% in sulfide, Cu 0.22% and Mo 8.2E-3% in crude ore, in ground",Copper,Cu,63.55,-1.2312433333350088e-14
"('ecoinvent-3.4-biosphere', 'eead2933-c2be-4a53-a0bd-bd33b67e4145')","Borax, in ground",Borax,B4H20Na2O17,381.4,
"('ecoinvent-3.4-biosphere', 'eead2933-c2be-4a53-a0bd-bd33b67e4145')","Borax, in ground",Borax,B4H20Na2O17,381.4,
"('ecoinvent-3.4-biosphere', 'eead2933-c2be-4a53-a0bd-bd33b67e4145')","Borax, in ground",Borax,B4H20Na2O17,381.4,
"('ecoinvent-3.4-biosphere', '06874cbb-2daf-4981-a55e-2c38be5b7277')","Molybdenum, 0.010% in sulfide, Mo 8.2E-3% and Cu 1.83% in crude ore, in ground",Molybdenum,Mo,95.95,-1.653204348388365e-13
"('ecoinvent-3.4-biosphere', '06874cbb-2daf-4981-a55e-2c38be5b7277')","Molybdenum, 0.010% in sulfide, Mo 8.2E-3% and Cu 1.83% in crude ore, in ground",Molybdenum,Mo,95.95,-1.653204348388365e-13
"('ecoinvent-3.4-biosphere', '06874cbb-2daf-4981-a55e-2c38be5b7277')","Molybdenum, 0.010% in sulfide, Mo 8.2E-3% and Cu 1.83% in crude ore, in ground",Molybdenum,Mo,95.95,-1.653204348388365e-13
"('ecoinvent-3.4-biosphere', '621b1cf1-9b47-4c44-b71e-ebeb9afd9bbc')","Cadmium, 0.30% in sulfide, Cd 0.18%, Pb, Zn, Ag, In, in ground",Cadmium,Cd,112.41,
"('ecoinvent-3.4-biosphere', '621b1cf1-9b47-4c44-b71e-ebeb9afd9bbc')","Cadmium, 0.30% in sulfide, Cd 0.18%, Pb, Zn, Ag, In, in ground",Cadmium,Cd,112.41,
"('ecoinvent-3.4-biosphere', '621b1cf1-9b47-4c44-b71e-ebeb9afd9bbc')","Cadmium, 0.30% in sulfide, Cd 0.18%, Pb, Zn, Ag, In, in ground",Cadmium,Cd,112.41,
"('ecoinvent-3.4-biosphere', 'f09c3144-a268-4bed-8ca2-63005b6ef75f')","Nickel, Ni 2.5E+0%, in mixed ore, in ground",Nickel,Ni,58.693,-9.066741688482605e-14
"('ecoinvent-3.4-biosphere', 'f09c3144-a268-4bed-8ca2-63005b6ef75f')","Nickel, Ni 2.5E+0%, in mixed ore, in ground",Nickel,Ni,58.693,-9.066741688482605e-14
"('ecoinvent-3.4-biosphere', 'f09c3144-a268-4bed-8ca2-63005b6ef75f')","Nickel, Ni 2.5E+0%, in mixed ore, in ground",Nickel,Ni,58.693,-9.066741688482605e-14
"('ecoinvent-3.4-biosphere', '4f684798-3870-45a1-b5f2-aa3444c0b8d6')","Copper, Cu 6.8E-1%, in mixed ore, in ground",Copper,Cu,63.55,-1.2312433333350088e-14
"('ecoinvent-3.4-biosphere', '4f684798-3870-45a1-b5f2-aa3444c0b8d6')","Copper, Cu 6.8E-1%, in mixed ore, in ground",Copper,Cu,63.55,-1.2312433333350088e-14
"('ecoinvent-3.4-biosphere', '4f684798-3870-45a1-b5f2-aa3444c0b8d6')","Copper, Cu 6.8E-1%, in mixed ore, in ground",Copper,Cu,63.55,-1.2312433333350088e-14
"('ecoinvent-3.4-biosphere', 'ee540366-b970-46af-94d8-4c253ded5577')","Kaolinite, 24% in crude ore, in ground",Kaolinite,Al2H4O9Si2,258.16,-1.3425001595787177e-14
"('ecoinvent-3.4-biosphere', 'ee540366-b970-46af-94d8-4c253ded5577')","Kaolinite, 24% in crude ore, in ground",Kaolinite,Al2H4O9Si2,258.16,-1.3425001595787177e-14
"('ecoinvent-3.4-biosphere', 'ee540366-b970-46af-94d8-4c253ded5577')","Kaolinite, 24% in crude ore, in ground",Kaolinite,Al2H4O9Si2,258.16,-1.3425001595787177e-14
"('ecoinvent-3.4-biosphere', '8c2fe757-6866-4ed2-9f89-81012ad774a0')","Carbon, organic, in soil or biomass stock",Carbon,C,12.011,
"('ecoinvent-3.4-biosphere', '8c2fe757-6866-4ed2-9f89-81012ad774a0')","Carbon, organic, in soil or biomass stock",Carbon,C,12.011,
"('ecoinvent-3.4-biosphere', '8c2fe757-6866-4ed2-9f89-81012ad774a0')","Carbon, organic, in soil or biomass stock",Carbon,C,12.011,
"('ecoinvent-3.4-biosphere', '73b7f080-b7ae-417c-b740-b4c9eabfb35a')","Cu, Cu 3.2E+0%, Pt 2.5E-4%, Pd 7.3E-4%, Rh 2.0E-5%, Ni 2.3E+0% in ore, in ground",Cu,Cu,63.55,-1.2312433333350088e-14
"('ecoinvent-3.4-biosphere', '73b7f080-b7ae-417c-b740-b4c9eabfb35a')","Cu, Cu 3.2E+0%, Pt 2.5E-4%, Pd 7.3E-4%, Rh 2.0E-5%, Ni 2.3E+0% in ore, in ground",Cu,Cu,63.55,-1.2312433333350088e-14
"('ecoinvent-3.4-biosphere', '73b7f080-b7ae-417c-b740-b4c9eabfb35a')","Cu, Cu 3.2E+0%, Pt 2.5E-4%, Pd 7.3E-4%, Rh 2.0E-5%, Ni 2.3E+0% in ore, in ground",Cu,Cu,63.55,-1.2312433333350088e-14
"('ecoinvent-3.4-biosphere', 'd0779a5e-6969-4144-954e-ceb81fb83f15')","Cobalt, in ground",Cobalt,Co,58.93319,-1.944749514845395e-12
"('ecoinvent-3.4-biosphere', 'd0779a5e-6969-4144-954e-ceb81fb83f15')","Cobalt, in ground",Cobalt,Co,58.93319,-1.944749514845395e-12
"('ecoinvent-3.4-biosphere', 'd0779a5e-6969-4144-954e-ceb81fb83f15')","Cobalt, in ground",Cobalt,Co,58.93319,-1.944749514845395e-12
"('ecoinvent-3.4-biosphere', '5514ccd2-469f-4074-9905-529154e7f742')","Molybdenum, 0.014% in sulfide, Mo 8.2E-3% and Cu 0.81% in crude ore, in ground",Molybdenum,Mo,95.95,-1.653204348388365e-13
"('ecoinvent-3.4-biosphere', '5514ccd2-469f-4074-9905-529154e7f742')","Molybdenum, 0.014% in sulfide, Mo 8.2E-3% and Cu 0.81% in crude ore, in ground",Molybdenum,Mo,95.95,-1.653204348388365e-13
"('ecoinvent-3.4-biosphere', '5514ccd2-469f-4074-9905-529154e7f742')","Molybdenum, 0.014% in sulfide, Mo 8.2E-3% and Cu 0.81% in crude ore, in ground",Molybdenum,Mo,95.95,-1.653204348388365e-13
"('ecoinvent-3.4-biosphere', 'ff741136-d6ee-444a-a15b-3b308e376db8')","Gold, Au 1.1E-4%, Ag 4.2E-3%, in ore, in ground",Gold,Au,196.96657,
"('ecoinvent-3.4-biosphere', 'ff741136-d6ee-444a-a15b-3b308e376db8')","Gold, Au 1.1E-4%, Ag 4.2E-3%, in ore, in ground",Gold,Au,196.96657,
"('ecoinvent-3.4-biosphere', 'ff741136-d6ee-444a-a15b-3b308e376db8')","Gold, Au 1.1E-4%, Ag 4.2E-3%, in ore, in ground",Gold,Au,196.96657,
"('ecoinvent-3.4-biosphere', 'd80610f2-df83-4e2a-9dc3-f74fced6577f')","Sylvite, 25 % in sylvinite, in ground",Sylvite,ClK,74.55,
"('ecoinvent-3.4-biosphere', 'd80610f2-df83-4e2a-9dc3-f74fced6577f')","Sylvite, 25 % in sylvinite, in ground",Sylvite,ClK,74.55,
"('ecoinvent-3.4-biosphere', 'd80610f2-df83-4e2a-9dc3-f74fced6577f')","Sylvite, 25 % in sylvinite, in ground",Sylvite,ClK,74.55,
"('ecoinvent-3.4-biosphere', '7a636bea-94c0-4774-a791-2512b7fbda94')","Cerium, 24% in bastnasite, 2.4% in crude ore, in ground",Cerium,Ce,140.116,
"('ecoinvent-3.4-biosphere', '7a636bea-94c0-4774-a791-2512b7fbda94')","Cerium, 24% in bastnasite, 2.4% in crude ore, in ground",Cerium,Ce,140.116,
"('ecoinvent-3.4-biosphere', '7a636bea-94c0-4774-a791-2512b7fbda94')","Cerium, 24% in bastnasite, 2.4% in crude ore, in ground",Cerium,Ce,140.116,
"('ecoinvent-3.4-biosphere', 'eda28c96-8899-4d84-bf18-35c3f1de518e')","Molybdenum, 0.11% in sulfide, Mo 4.1E-2% and Cu 0.36% in crude ore, in ground",Molybdenum,Mo,95.95,-1.653204348388365e-13
"('ecoinvent-3.4-biosphere', 'eda28c96-8899-4d84-bf18-35c3f1de518e')","Molybdenum, 0.11% in sulfide, Mo 4.1E-2% and Cu 0.36% in crude ore, in ground",Molybdenum,Mo,95.95,-1.653204348388365e-13
"('ecoinvent-3.4-biosphere', 'eda28c96-8899-4d84-bf18-35c3f1de518e')","Molybdenum, 0.11% in sulfide, Mo 4.1E-2% and Cu 0.36% in crude ore, in ground",Molybdenum,Mo,95.95,-1.653204348388365e-13
"('ecoinvent-3.4-biosphere', 'd61418f3-c1a4-4b95-807c-06b7e1fa2915')","Lanthanum, 7.2% in bastnasite, 0.72% in crude ore, in ground",Lanthanum,La,138.9055,
"('ecoinvent-3.4-biosphere', 'd61418f3-c1a4-4b95-807c-06b7e1fa2915')","Lanthanum, 7.2% in bastnasite, 0.72% in crude ore, in ground",Lanthanum,La,138.9055,
"('ecoinvent-3.4-biosphere', 'd61418f3-c1a4-4b95-807c-06b7e1fa2915')","Lanthanum, 7.2% in bastnasite, 0.72% in crude ore, in ground",Lanthanum,La,138.9055,
"('ecoinvent-3.4-biosphere', 'e07b4402-abe3-4346-8c42-051c5983bd1e')","Zirconia, as baddeleyite, in ground",Zirconia,O2Zr,123.22,
"('ecoinvent-3.4-biosphere', 'e07b4402-abe3-4346-8c42-051c5983bd1e')","Zirconia, as baddeleyite, in ground",Zirconia,O2Zr,123.22,
"('ecoinvent-3.4-biosphere', 'e07b4402-abe3-4346-8c42-051c5983bd1e')","Zirconia, as baddeleyite, in ground",Zirconia,O2Zr,123.22,
"('ecoinvent-3.4-biosphere', 'c3b2ba62-b158-47b1-8e1e-e76156e5292a')","Zinc, Zn 3.1%, in mixed ore, in ground",Zinc,Zn,65.4,-1.083657674571144e-13
"('ecoinvent-3.4-biosphere', 'c3b2ba62-b158-47b1-8e1e-e76156e5292a')","Zinc, Zn 3.1%, in mixed ore, in ground",Zinc,Zn,65.4,-1.083657674571144e-13
"('ecoinvent-3.4-biosphere', 'c3b2ba62-b158-47b1-8e1e-e76156e5292a')","Zinc, Zn 3.1%, in mixed ore, in ground",Zinc,Zn,65.4,-1.083657674571144e-13
"('ecoinvent-3.4-biosphere', '09a68c14-01f6-4dee-ba29-8b7f400b72b5')","Perlite, in ground",Perlite,Al6H10K2Na2O76Si30,2354.6,-4.415779850465154e-15
"('ecoinvent-3.4-biosphere', '09a68c14-01f6-4dee-ba29-8b7f400b72b5')","Perlite, in ground",Perlite,Al6H10K2Na2O76Si30,2354.6,-4.415779850465154e-15
"('ecoinvent-3.4-biosphere', '09a68c14-01f6-4dee-ba29-8b7f400b72b5')","Perlite, in ground",Perlite,Al6H10K2Na2O76Si30,2354.6,-4.415779850465154e-15
"('ecoinvent-3.4-biosphere', '4b8ac2cb-3fa6-4047-a9ab-183d9e63ccac')","Pd, Pd 2.0E-4%, Pt 4.8E-4%, Rh 2.4E-5%, Ni 3.7E-2%, Cu 5.2E-2% in ore, in ground",Pd,Pd,106.42,
"('ecoinvent-3.4-biosphere', '4b8ac2cb-3fa6-4047-a9ab-183d9e63ccac')","Pd, Pd 2.0E-4%, Pt 4.8E-4%, Rh 2.4E-5%, Ni 3.7E-2%, Cu 5.2E-2% in ore, in ground",Pd,Pd,106.42,
"('ecoinvent-3.4-biosphere', '4b8ac2cb-3fa6-4047-a9ab-183d9e63ccac')","Pd, Pd 2.0E-4%, Pt 4.8E-4%, Rh 2.4E-5%, Ni 3.7E-2%, Cu 5.2E-2% in ore, in ground",Pd,Pd,106.42,
"('ecoinvent-3.4-biosphere', 'e3f5fd63-7dcb-41f1-9b8a-a48a8d68bc65')",Nitrogen,Nitrogen,N2,28.014,
"('ecoinvent-3.4-biosphere', 'e3f5fd63-7dcb-41f1-9b8a-a48a8d68bc65')",Nitrogen,Nitrogen,N2,28.014,
"('ecoinvent-3.4-biosphere', 'e3f5fd63-7dcb-41f1-9b8a-a48a8d68bc65')",Nitrogen,Nitrogen,N2,28.014,
"('ecoinvent-3.4-biosphere', '93806a54-46f5-409c-99c5-4144a1e73b5d')","Clay, bentonite, in ground",Clay,Al2O5Si,162.05,-2.1387216365124453e-14
"('ecoinvent-3.4-biosphere', '93806a54-46f5-409c-99c5-4144a1e73b5d')","Clay, bentonite, in ground",Clay,Al2O5Si,162.05,-2.1387216365124453e-14
"('ecoinvent-3.4-biosphere', '93806a54-46f5-409c-99c5-4144a1e73b5d')","Clay, bentonite, in ground",Clay,Al2O5Si,162.05,-2.1387216365124453e-14
"('ecoinvent-3.4-biosphere', '238f8ea9-98df-41dc-ab93-ea5b549a0b96')","Gravel, in ground",Gravel,C15H21NO,231.33,
"('ecoinvent-3.4-biosphere', '238f8ea9-98df-41dc-ab93-ea5b549a0b96')","Gravel, in ground",Gravel,C15H21NO,231.33,
"('ecoinvent-3.4-biosphere', '238f8ea9-98df-41dc-ab93-ea5b549a0b96')","Gravel, in ground",Gravel,C15H21NO,231.33,
"('ecoinvent-3.4-biosphere', '79df5650-160a-4ab7-a14f-cc8162877f4a')","Copper, 0.99% in sulfide, Cu 0.36% and Mo 8.2E-3% in crude ore, in ground",Copper,Cu,63.55,-1.2312433333350088e-14
"('ecoinvent-3.4-biosphere', '79df5650-160a-4ab7-a14f-cc8162877f4a')","Copper, 0.99% in sulfide, Cu 0.36% and Mo 8.2E-3% in crude ore, in ground",Copper,Cu,63.55,-1.2312433333350088e-14
"('ecoinvent-3.4-biosphere', '79df5650-160a-4ab7-a14f-cc8162877f4a')","Copper, 0.99% in sulfide, Cu 0.36% and Mo 8.2E-3% in crude ore, in ground",Copper,Cu,63.55,-1.2312433333350088e-14
"('ecoinvent-3.4-biosphere', '68be4a67-89e0-4cfe-a089-fa8706de230e')","Platinum, Pt 4.7E-7%, in mixed ore, in ground",Platinum,Pt,195.08,
"('ecoinvent-3.4-biosphere', '68be4a67-89e0-4cfe-a089-fa8706de230e')","Platinum, Pt 4.7E-7%, in mixed ore, in ground",Platinum,Pt,195.08,
"('ecoinvent-3.4-biosphere', '68be4a67-89e0-4cfe-a089-fa8706de230e')","Platinum, Pt 4.7E-7%, in mixed ore, in ground",Platinum,Pt,195.08,
"('ecoinvent-3.4-biosphere', 'a76cf135-2be1-4e53-9423-9211acd100f1')","Molybdenum, 0.022% in sulfide, Mo 8.2E-3% and Cu 0.22% in crude ore, in ground",Molybdenum,Mo,95.95,-1.653204348388365e-13
"('ecoinvent-3.4-biosphere', 'a76cf135-2be1-4e53-9423-9211acd100f1')","Molybdenum, 0.022% in sulfide, Mo 8.2E-3% and Cu 0.22% in crude ore, in ground",Molybdenum,Mo,95.95,-1.653204348388365e-13
"('ecoinvent-3.4-biosphere', 'a76cf135-2be1-4e53-9423-9211acd100f1')","Molybdenum, 0.022% in sulfide, Mo 8.2E-3% and Cu 0.22% in crude ore, in ground",Molybdenum,Mo,95.95,-1.653204348388365e-13
"('ecoinvent-3.4-biosphere', '99c56f25-9ebb-4e6a-a3e2-e4dc61e9d697')","Iron, 72% in magnetite, 14% in crude ore, in ground",Iron,Fe,55.84,-4.282654305987987e-15
"('ecoinvent-3.4-biosphere', '99c56f25-9ebb-4e6a-a3e2-e4dc61e9d697')","Iron, 72% in magnetite, 14% in crude ore, in ground",Iron,Fe,55.84,-4.282654305987987e-15
"('ecoinvent-3.4-biosphere', '99c56f25-9ebb-4e6a-a3e2-e4dc61e9d697')","Iron, 72% in magnetite, 14% in crude ore, in ground",Iron,Fe,55.84,-4.282654305987987e-15
"('ecoinvent-3.4-biosphere', '752d138f-3723-42c1-bf5c-ca5316809c4c')","Magnesium, 0.13% in water",Magnesium,Mg,24.305,
"('ecoinvent-3.4-biosphere', '752d138f-3723-42c1-bf5c-ca5316809c4c')","Magnesium, 0.13% in water",Magnesium,Mg,24.305,
"('ecoinvent-3.4-biosphere', '752d138f-3723-42c1-bf5c-ca5316809c4c')","Magnesium, 0.13% in water",Magnesium,Mg,24.305,
"('ecoinvent-3.4-biosphere', 'd0696f95-6cb3-453b-b849-c99ba9c90c28')","Ulexite, in ground",Ulexite,B5CaH16NaO17,405.3,
"('ecoinvent-3.4-biosphere', 'd0696f95-6cb3-453b-b849-c99ba9c90c28')","Ulexite, in ground",Ulexite,B5CaH16NaO17,405.3,
"('ecoinvent-3.4-biosphere', 'd0696f95-6cb3-453b-b849-c99ba9c90c28')","Ulexite, in ground",Ulexite,B5CaH16NaO17,405.3,
"('ecoinvent-3.4-biosphere', 'a64e65fe-3c33-44f1-bd2d-ab7fac07653f')","Phosphorus, 18% in apatite, 12% in crude ore, in ground",Phosphorus,P,30.973762,-1.6973366253890836e-14
"('ecoinvent-3.4-biosphere', 'a64e65fe-3c33-44f1-bd2d-ab7fac07653f')","Phosphorus, 18% in apatite, 12% in crude ore, in ground",Phosphorus,P,30.973762,-1.6973366253890836e-14
"('ecoinvent-3.4-biosphere', 'a64e65fe-3c33-44f1-bd2d-ab7fac07653f')","Phosphorus, 18% in apatite, 12% in crude ore, in ground",Phosphorus,P,30.973762,-1.6973366253890836e-14
"('ecoinvent-3.4-biosphere', 'd16c8806-7701-4fbb-b68d-9b2d5d083d7a')",Carnallite,Carnallite,Cl3H12KMgO6,277.85,
"('ecoinvent-3.4-biosphere', 'd16c8806-7701-4fbb-b68d-9b2d5d083d7a')",Carnallite,Carnallite,Cl3H12KMgO6,277.85,
"('ecoinvent-3.4-biosphere', 'd16c8806-7701-4fbb-b68d-9b2d5d083d7a')",Carnallite,Carnallite,Cl3H12KMgO6,277.85,
"('ecoinvent-3.4-biosphere', '2d65a3f7-2a10-4a10-ac9e-a0cc7cd57979')","Gold, Au 2.1E-4%, Ag 2.1E-4%, in ore, in ground",Gold,Au,196.96657,
"('ecoinvent-3.4-biosphere', '2d65a3f7-2a10-4a10-ac9e-a0cc7cd57979')","Gold, Au 2.1E-4%, Ag 2.1E-4%, in ore, in ground",Gold,Au,196.96657,
"('ecoinvent-3.4-biosphere', '2d65a3f7-2a10-4a10-ac9e-a0cc7cd57979')","Gold, Au 2.1E-4%, Ag 2.1E-4%, in ore, in ground",Gold,Au,196.96657,
"('ecoinvent-3.4-biosphere', '7de77239-7074-4443-9dc9-4492c5e2ef35')","Iodine, 0.03% in water",Iodine,I2,253.8089,
"('ecoinvent-3.4-biosphere', '7de77239-7074-4443-9dc9-4492c5e2ef35')","Iodine, 0.03% in water",Iodine,I2,253.8089,
"('ecoinvent-3.4-biosphere', '7de77239-7074-4443-9dc9-4492c5e2ef35')","Iodine, 0.03% in water",Iodine,I2,253.8089,
"('ecoinvent-3.4-biosphere', '5afa470c-ab8c-4ec3-8a18-5c0bed973571')","Copper, Cu 0.38%, in mixed ore, in ground",Copper,Cu,63.55,-1.2312433333350088e-14
"('ecoinvent-3.4-biosphere', '5afa470c-ab8c-4ec3-8a18-5c0bed973571')","Copper, Cu 0.38%, in mixed ore, in ground",Copper,Cu,63.55,-1.2312433333350088e-14
"('ecoinvent-3.4-biosphere', '5afa470c-ab8c-4ec3-8a18-5c0bed973571')","Copper, Cu 0.38%, in mixed ore, in ground",Copper,Cu,63.55,-1.2312433333350088e-14
"('ecoinvent-3.4-biosphere', '3faef344-9e52-47a3-a317-e17b824cc540')","Zinc, 9.0% in sulfide, Zn 5.3%, Pb, Ag, Cd, In, in ground",Zinc,Zn,65.4,-1.083657674571144e-13
"('ecoinvent-3.4-biosphere', '3faef344-9e52-47a3-a317-e17b824cc540')","Zinc, 9.0% in sulfide, Zn 5.3%, Pb, Ag, Cd, In, in ground",Zinc,Zn,65.4,-1.083657674571144e-13
"('ecoinvent-3.4-biosphere', '3faef344-9e52-47a3-a317-e17b824cc540')","Zinc, 9.0% in sulfide, Zn 5.3%, Pb, Ag, Cd, In, in ground",Zinc,Zn,65.4,-1.083657674571144e-13
"('ecoinvent-3.4-biosphere', '61341186-aac8-4088-a2b7-ba50093bab6c')","Bromine, 0.23% in water",Bromine,Br2,159.81,
"('ecoinvent-3.4-biosphere', '61341186-aac8-4088-a2b7-ba50093bab6c')","Bromine, 0.23% in water",Bromine,Br2,159.81,
"('ecoinvent-3.4-biosphere', '61341186-aac8-4088-a2b7-ba50093bab6c')","Bromine, 0.23% in water",Bromine,Br2,159.81,
"('ecoinvent-3.4-biosphere', '8bc65fca-548d-4831-b102-391bbdd6bc8c')","Aluminium, 24% in bauxite, 11% in crude ore, in ground",Aluminium,Al,26.981538,-6.422536676269253e-14
"('ecoinvent-3.4-biosphere', '8bc65fca-548d-4831-b102-391bbdd6bc8c')","Aluminium, 24% in bauxite, 11% in crude ore, in ground",Aluminium,Al,26.981538,-6.422536676269253e-14
"('ecoinvent-3.4-biosphere', '8bc65fca-548d-4831-b102-391bbdd6bc8c')","Aluminium, 24% in bauxite, 11% in crude ore, in ground",Aluminium,Al,26.981538,-6.422536676269253e-14
"('ecoinvent-3.4-biosphere', 'd02343bd-b00d-4fb3-9bda-2e8183f3b012')","Silver, Ag 2.1E-4%, Au 2.1E-4%, in ore, in ground",Silver,Ag,107.868,-1.5701960660375504e-13
"('ecoinvent-3.4-biosphere', 'd02343bd-b00d-4fb3-9bda-2e8183f3b012')","Silver, Ag 2.1E-4%, Au 2.1E-4%, in ore, in ground",Silver,Ag,107.868,-1.5701960660375504e-13
"('ecoinvent-3.4-biosphere', 'd02343bd-b00d-4fb3-9bda-2e8183f3b012')","Silver, Ag 2.1E-4%, Au 2.1E-4%, in ore, in ground",Silver,Ag,107.868,-1.5701960660375504e-13
"('ecoinvent-3.4-biosphere', '852281f6-db73-4250-84d3-86b569fce0c1')","Sulfur, in ground",Sulfur,S,32.07,
"('ecoinvent-3.4-biosphere', '852281f6-db73-4250-84d3-86b569fce0c1')","Sulfur, in ground",Sulfur,S,32.07,
"('ecoinvent-3.4-biosphere', '852281f6-db73-4250-84d3-86b569fce0c1')","Sulfur, in ground",Sulfur,S,32.07,
"('ecoinvent-3.4-biosphere', 'febbfa6e-44d4-42a0-abcd-aec8a428f75e')","Ni, Ni 3.7E-2%, Pt 4.8E-4%, Pd 2.0E-4%, Rh 2.4E-5%, Cu 5.2E-2% in ore, in ground",Ni,Ni,58.693,-9.066741688482605e-14
"('ecoinvent-3.4-biosphere', 'febbfa6e-44d4-42a0-abcd-aec8a428f75e')","Ni, Ni 3.7E-2%, Pt 4.8E-4%, Pd 2.0E-4%, Rh 2.4E-5%, Cu 5.2E-2% in ore, in ground",Ni,Ni,58.693,-9.066741688482605e-14
"('ecoinvent-3.4-biosphere', 'febbfa6e-44d4-42a0-abcd-aec8a428f75e')","Ni, Ni 3.7E-2%, Pt 4.8E-4%, Pd 2.0E-4%, Rh 2.4E-5%, Cu 5.2E-2% in ore, in ground",Ni,Ni,58.693,-9.066741688482605e-14
"('ecoinvent-3.4-biosphere', 'a9ad523f-b721-4f07-ad9f-584053f3454d')","Lithium, 0.15% in brine, in ground",Lithium,Li,7.0,-1.518493452995773e-13
"('ecoinvent-3.4-biosphere', 'a9ad523f-b721-4f07-ad9f-584053f3454d')","Lithium, 0.15% in brine, in ground",Lithium,Li,7.0,-1.518493452995773e-13
"('ecoinvent-3.4-biosphere', 'a9ad523f-b721-4f07-ad9f-584053f3454d')","Lithium, 0.15% in brine, in ground",Lithium,Li,7.0,-1.518493452995773e-13
"('ecoinvent-3.4-biosphere', '7cd1d217-70a7-4452-abc4-3b1100763d6d')","Gold, Au 1.3E-4%, Ag 4.6E-5%, in ore, in ground",Gold,Au,196.96657,
"('ecoinvent-3.4-biosphere', '7cd1d217-70a7-4452-abc4-3b1100763d6d')","Gold, Au 1.3E-4%, Ag 4.6E-5%, in ore, in ground",Gold,Au,196.96657,
"('ecoinvent-3.4-biosphere', '7cd1d217-70a7-4452-abc4-3b1100763d6d')","Gold, Au 1.3E-4%, Ag 4.6E-5%, in ore, in ground",Gold,Au,196.96657,
"('ecoinvent-3.4-biosphere', 'e5fadc0b-1d79-4604-ac32-fd3321f27933')","Fluorine, 4.5% in apatite, 1% in crude ore, in ground",Fluorine,F2,37.99680632,
"('ecoinvent-3.4-biosphere', 'e5fadc0b-1d79-4604-ac32-fd3321f27933')","Fluorine, 4.5% in apatite, 1% in crude ore, in ground",Fluorine,F2,37.99680632,
"('ecoinvent-3.4-biosphere', 'e5fadc0b-1d79-4604-ac32-fd3321f27933')","Fluorine, 4.5% in apatite, 1% in crude ore, in ground",Fluorine,F2,37.99680632,
"('ecoinvent-3.4-biosphere', '535bbc83-033b-42fe-9a68-8dc9eb420385')","Pd, Pd 7.3E-4%, Pt 2.5E-4%, Rh 2.0E-5%, Ni 2.3E+0%, Cu 3.2E+0% in ore, in ground",Pd,Pd,106.42,
"('ecoinvent-3.4-biosphere', '535bbc83-033b-42fe-9a68-8dc9eb420385')","Pd, Pd 7.3E-4%, Pt 2.5E-4%, Rh 2.0E-5%, Ni 2.3E+0%, Cu 3.2E+0% in ore, in ground",Pd,Pd,106.42,
"('ecoinvent-3.4-biosphere', '535bbc83-033b-42fe-9a68-8dc9eb420385')","Pd, Pd 7.3E-4%, Pt 2.5E-4%, Rh 2.0E-5%, Ni 2.3E+0%, Cu 3.2E+0% in ore, in ground",Pd,Pd,106.42,
"('ecoinvent-3.4-biosphere', 'eaa3e9d4-68d6-4267-a7a5-48b141c3861e')","Silver, Ag 5.4E-3%, in mixed ore, in ground",Silver,Ag,107.868,-1.5701960660375504e-13
"('ecoinvent-3.4-biosphere', 'eaa3e9d4-68d6-4267-a7a5-48b141c3861e')","Silver, Ag 5.4E-3%, in mixed ore, in ground",Silver,Ag,107.868,-1.5701960660375504e-13
"('ecoinvent-3.4-biosphere', 'eaa3e9d4-68d6-4267-a7a5-48b141c3861e')","Silver, Ag 5.4E-3%, in mixed ore, in ground",Silver,Ag,107.868,-1.5701960660375504e-13
"('ecoinvent-3.4-biosphere', '60b67dea-a332-4d8d-968b-df8f3df6088a')","Gold, Au 1.0E-7%, in mixed ore, in ground",Gold,Au,196.96657,
"('ecoinvent-3.4-biosphere', '60b67dea-a332-4d8d-968b-df8f3df6088a')","Gold, Au 1.0E-7%, in mixed ore, in ground",Gold,Au,196.96657,
"('ecoinvent-3.4-biosphere', '60b67dea-a332-4d8d-968b-df8f3df6088a')","Gold, Au 1.0E-7%, in mixed ore, in ground",Gold,Au,196.96657,
"('ecoinvent-3.4-biosphere', 'cfaa80f4-8e19-4fd6-942a-eaea14812896')","Silver, Ag 9.7E-4%, in mixed ore, in ground",Silver,Ag,107.868,-1.5701960660375504e-13
"('ecoinvent-3.4-biosphere', 'cfaa80f4-8e19-4fd6-942a-eaea14812896')","Silver, Ag 9.7E-4%, in mixed ore, in ground",Silver,Ag,107.868,-1.5701960660375504e-13
"('ecoinvent-3.4-biosphere', 'cfaa80f4-8e19-4fd6-942a-eaea14812896')","Silver, Ag 9.7E-4%, in mixed ore, in ground",Silver,Ag,107.868,-1.5701960660375504e-13
"('ecoinvent-3.4-biosphere', '7005a356-23d8-4d38-9dbc-fa75401b400e')","Rh, Rh 2.0E-5%, Pt 2.5E-4%, Pd 7.3E-4%, Ni 2.3E+0%, Cu 3.2E+0% in ore, in ground",Rh,Rh,102.9055,
"('ecoinvent-3.4-biosphere', '7005a356-23d8-4d38-9dbc-fa75401b400e')","Rh, Rh 2.0E-5%, Pt 2.5E-4%, Pd 7.3E-4%, Ni 2.3E+0%, Cu 3.2E+0% in ore, in ground",Rh,Rh,102.9055,
"('ecoinvent-3.4-biosphere', '7005a356-23d8-4d38-9dbc-fa75401b400e')","Rh, Rh 2.0E-5%, Pt 2.5E-4%, Pd 7.3E-4%, Ni 2.3E+0%, Cu 3.2E+0% in ore, in ground",Rh,Rh,102.9055,
"('ecoinvent-3.4-biosphere', 'f8f1ba14-9934-4678-8a78-e2cf1fce7775')","Zinc, Zn 0.63%, in mixed ore, in ground",Zinc,Zn,65.4,-1.083657674571144e-13
"('ecoinvent-3.4-biosphere', 'f8f1ba14-9934-4678-8a78-e2cf1fce7775')","Zinc, Zn 0.63%, in mixed ore, in ground",Zinc,Zn,65.4,-1.083657674571144e-13
"('ecoinvent-3.4-biosphere', 'f8f1ba14-9934-4678-8a78-e2cf1fce7775')","Zinc, Zn 0.63%, in mixed ore, in ground",Zinc,Zn,65.4,-1.083657674571144e-13
"('ecoinvent-3.4-biosphere', 'f77aacc3-2c22-4bda-99ab-fe1110a1b891')","Iron, 46% in ore, 25% in crude ore, in ground",Iron,Fe,55.84,-4.282654305987987e-15
"('ecoinvent-3.4-biosphere', 'f77aacc3-2c22-4bda-99ab-fe1110a1b891')","Iron, 46% in ore, 25% in crude ore, in ground",Iron,Fe,55.84,-4.282654305987987e-15
"('ecoinvent-3.4-biosphere', 'f77aacc3-2c22-4bda-99ab-fe1110a1b891')","Iron, 46% in ore, 25% in crude ore, in ground",Iron,Fe,55.84,-4.282654305987987e-15
"('ecoinvent-3.4-biosphere', 'd6c7644f-0d7c-4bb3-b8bb-686ebede951e')","Gold, Au 5.4E-4%, Ag 1.5E-5%, in ore, in ground",Gold,Au,196.96657,
"('ecoinvent-3.4-biosphere', 'd6c7644f-0d7c-4bb3-b8bb-686ebede951e')","Gold, Au 5.4E-4%, Ag 1.5E-5%, in ore, in ground",Gold,Au,196.96657,
"('ecoinvent-3.4-biosphere', 'd6c7644f-0d7c-4bb3-b8bb-686ebede951e')","Gold, Au 5.4E-4%, Ag 1.5E-5%, in ore, in ground",Gold,Au,196.96657,
